{"cameraMode":{"drawMode":0,"name":"Shaded","section":"Shading Mode"},"sceneLighting":false,"audioPlay":false,"sceneViewState":{"m_AlwaysRefresh":false,"showFog":false,"showSkybox":false,"showFlares":false,"showImageEffects":false,"showParticleSystems":false,"showVisualEffectGraphs":true,"m_FxEnabled":true},"in2DMode":false,"pivot":{"x":0.31024184823036196,"y":1.0817487239837647,"z":0.23985612392425538},"rotation":{"x":0.12370013445615769,"y":-0.7792843580245972,"z":0.16267552971839906,"w":0.5924463272094727},"size":2.1678526401519777,"orthographic":false}