{"cameraMode":{"drawMode":0,"name":"Shaded","section":"Shading Mode"},"sceneLighting":true,"audioPlay":false,"sceneViewState":{"m_AlwaysRefresh":false,"showFog":true,"showSkybox":false,"showFlares":true,"showImageEffects":true,"showParticleSystems":true,"showVisualEffectGraphs":true,"m_FxEnabled":false},"in2DMode":false,"pivot":{"x":-24.18439483642578,"y":1.1771631240844727,"z":-25.910123825073243},"rotation":{"x":-0.11454914510250092,"y":0.48876264691352847,"z":-0.06484860181808472,"w":-0.8625672459602356},"size":2.3179781436920168,"orthographic":false}