{"cameraMode":{"drawMode":0,"name":"Shaded","section":"Shading Mode"},"sceneLighting":false,"audioPlay":false,"sceneViewState":{"m_AlwaysRefresh":false,"showFog":true,"showSkybox":false,"showFlares":true,"showImageEffects":true,"showParticleSystems":true,"showVisualEffectGraphs":true,"m_FxEnabled":true},"in2DMode":false,"pivot":{"x":1.0176962614059449,"y":0.6422998309135437,"z":2.5492961406707765},"rotation":{"x":0.12370013445615769,"y":-0.7792843580245972,"z":0.16267552971839906,"w":0.5924463272094727},"size":1.3379087448120118,"orthographic":false}